"date","geography","geography code","Rural Urban","Method of Travel to Work: All categories: Method of travel to work; measures: Value","Method of Travel to Work: Work mainly at or from home; measures: Value","Method of Travel to Work: Underground, metro, light rail, tram; measures: Value","Method of Travel to Work: Train; measures: Value","Method of Travel to Work: Bus, minibus or coach; measures: Value","Method of Travel to Work: Taxi; measures: Value","Method of Travel to Work: Motorcycle, scooter or moped; measures: Value","Method of Travel to Work: Driving a car or van; measures: Value","Method of Travel to Work: Passenger in a car or van; measures: Value","Method of Travel to Work: Bicycle; measures: Value","Method of Travel to Work: On foot; measures: Value","Method of Travel to Work: Other method of travel to work; measures: Value","Method of Travel to Work: Not in employment; measures: Value"
"2011","Darlington","E06000005","Total",76635,2019,34,862,3430,441,193,30531,3400,1170,6625,309,27621
"2011","County Durham","E06000047","Total",383796,9642,331,1948,13963,1521,1061,154210,17707,2243,23797,1471,155902
"2011","Hartlepool","E06000001","Total",66804,1045,33,481,2592,700,180,23871,3214,723,4514,414,29037
"2011","Middlesbrough","E06000002","Total",100551,1306,44,718,4975,957,197,32508,4745,1397,7063,637,46004
"2011","Northumberland","E06000057","Total",233224,9195,674,1952,7711,588,704,96053,9552,2137,16924,1411,86323
"2011","Redcar and Cleveland","E06000003","Total",99177,1742,43,1193,3372,414,259,37919,4054,894,5731,733,42823
"2011","Stockton-on-Tees","E06000004","Total",140654,2847,102,1166,5115,642,417,60422,6160,1715,7518,1018,53532
"2011","Gateshead","E08000037","Total",148079,2868,4323,733,14106,498,371,52698,5954,1342,8425,559,56202
"2011","Newcastle upon Tyne","E08000021","Total",212864,3988,6414,1460,22137,1114,352,56851,6867,3308,15993,851,93529
"2011","North Tyneside","E08000022","Total",147889,3238,8650,1454,8714,801,479,55227,6085,2399,7974,1005,51863
"2011","South Tyneside","E08000023","Total",108981,1567,5747,1130,6288,334,344,36578,3863,1423,6070,1278,44359
"2011","Sunderland","E08000024","Total",205552,3071,2798,921,15374,795,526,73959,9557,1610,11899,1001,84041
"2011","Blackburn with Darwen","E06000008","Total",104417,2269,43,1003,3297,1133,322,38582,5034,600,7874,366,43894
"2011","Blackpool","E06000009","Total",103813,3305,41,528,5252,619,562,34724,4670,1948,9191,579,42394
"2011","Cheshire East","E06000049","Total",270953,13462,262,5269,3326,582,1188,124069,9216,4761,17939,1062,89817
"2011","Cheshire West and Chester","E06000050","Total",243155,9450,263,3262,5566,871,1033,109464,8947,4284,15987,1011,83017
"2011","Halton","E06000006","Total",92708,1541,38,1106,3843,350,355,39306,4071,1217,5437,313,35131
"2011","Warrington","E06000007","Total",149461,4648,148,2147,5039,400,692,71217,5803,2618,7626,518,48605
"2011","Allerdale","E07000026","Total",70978,3217,22,395,1766,136,232,29331,3489,706,6487,295,24902
"2011","Barrow-in-Furness","E07000027","Total",51103,839,33,527,1623,442,546,17475,2332,1647,5563,230,19846
"2011","Carlisle","E07000028","Total",79531,2835,30,327,3742,203,296,32456,3452,1415,8834,284,25657
"2011","Copeland","E07000029","Total",52702,1339,20,529,1560,170,277,21687,3146,572,3401,190,19811
"2011","Eden","E07000030","Total",38735,3341,22,222,587,77,90,16664,1363,345,4533,217,11274
"2011","South Lakeland","E07000031","Total",75831,4955,39,753,957,189,278,30695,2628,1388,9348,442,24159
"2011","Bolton","E08000001","Total",200723,4678,279,4497,8337,1575,803,80858,8388,1287,12024,641,77356
"2011","Bury","E08000002","Total",134687,3845,4295,555,5769,718,467,58347,4932,1195,7490,423,46651
"2011","Manchester","E08000003","Total",382932,7288,2897,5938,47727,1914,855,96210,10056,8708,30714,1398,169227
"2011","Oldham","E08000004","Total",159765,3243,127,1153,10492,1018,501,60716,7261,1015,10147,627,63465
"2011","Rochdale","E08000005","Total",152742,3052,184,1853,8037,1538,475,58968,6563,923,8643,517,61989
"2011","Salford","E08000006","Total",173117,3818,2231,2026,12007,1207,620,60601,6725,2527,14515,627,66213
"2011","Stockport","E08000007","Total",205310,7234,228,6971,11125,457,773,89656,6005,2802,11179,700,68180
"2011","Tameside","E08000008","Total",161459,3402,177,3560,11344,580,687,64128,6062,1426,10027,499,59567
"2011","Trafford","E08000009","Total",162806,6120,5609,1638,7623,607,502,70661,5138,3484,8891,639,51894
"2011","Wigan","E08000010","Total",236495,4663,79,3361,8635,823,1155,104142,9971,2402,13973,704,86587
"2011","Burnley","E07000117","Total",63376,1258,20,249,3232,331,216,24554,3061,402,4617,193,25243
"2011","Chorley","E07000118","Total",79951,2809,34,1298,1596,157,381,38472,3027,779,4912,237,26249
"2011","Fylde","E07000119","Total",54544,2131,32,437,1377,154,240,23501,1731,978,3718,211,20034
"2011","Hyndburn","E07000120","Total",58356,1175,11,349,2286,390,240,24306,2644,407,4002,183,22363
"2011","Lancaster","E07000121","Total",103296,3388,58,1305,3785,395,544,36945,3915,2551,9518,428,40464
"2011","Pendle","E07000122","Total",64440,1520,21,298,2124,366,195,25806,2930,506,5302,256,25116
"2011","Preston","E07000123","Total",104085,2437,45,903,7272,391,427,37751,4394,1471,8714,375,39905
"2011","Ribble Valley","E07000124","Total",41285,2282,26,328,603,51,167,20320,1338,389,3053,156,12572
"2011","Rossendale","E07000125","Total",50075,1613,29,171,1905,140,222,23634,2000,241,2669,184,17267
"2011","South Ribble","E07000126","Total",80458,2228,34,833,2735,172,473,40040,3234,1615,4170,227,24697
"2011","West Lancashire","E07000127","Total",81601,2780,95,1724,1471,600,285,35231,3181,876,5106,345,29907
"2011","Wyre","E07000128","Total",77663,2536,48,577,2041,261,409,33413,2983,1384,4453,453,29105
"2011","Knowsley","E08000011","Total",106155,1325,168,3500,6889,1268,278,36346,4763,969,5787,398,44464
"2011","Liverpool","E08000012","Total",356876,5258,1102,9962,38601,2777,794,95678,11805,4062,25208,1383,160246
"2011","Sefton","E08000014","Total",198197,4931,520,9045,8522,1601,607,72898,7426,3237,12224,908,76278
"2011","St. Helens","E08000013","Total",129584,2259,35,2411,4940,653,506,54259,5465,1114,6571,367,51004
"2011","Wirral","E08000015","Total",230851,5605,1374,8419,10107,986,1295,88088,8512,2306,11960,1277,90922
"2011","East Riding of Yorkshire","E06000011","Total",245594,9911,104,2300,4505,521,1204,107039,8790,5975,17034,1374,86837
"2011","Kingston upon Hull, City of","E06000010","Total",190610,2118,54,676,14549,1160,1326,58996,8763,9082,13276,903,79707
"2011","North East Lincolnshire","E06000012","Total",115823,1912,52,328,4319,564,658,45080,5079,3881,8297,606,45047
"2011","North Lincolnshire","E06000013","Total",122329,3323,34,370,1894,219,791,54922,5247,2998,7802,501,44228
"2011","York","E06000014","Total",149789,5025,104,2545,7141,418,968,47885,4565,11297,18246,527,51068
"2011","Craven","E07000163","Total",40056,2511,27,973,611,62,123,16913,1334,343,4489,214,12456
"2011","Hambleton","E07000164","Total",65255,4040,39,580,698,103,197,29289,2147,1250,6566,346,20000
"2011","Harrogate","E07000165","Total",114038,6926,120,2020,3122,226,446,50350,4057,1770,11813,552,32636
"2011","Richmondshire","E07000166","Total",38652,2661,30,451,541,101,134,16231,1421,470,5032,723,10857
"2011","Ryedale","E07000167","Total",37581,2994,27,278,415,44,179,15638,1342,788,3577,222,12077
"2011","Scarborough","E07000168","Total",79393,3489,37,579,2120,243,380,26130,3182,1108,10596,495,31034
"2011","Selby","E07000169","Total",61831,2787,28,1132,1348,72,311,30516,2312,1056,3519,205,18545
"2011","Barnsley","E08000016","Total",170405,3516,118,2094,6570,493,843,70743,7660,720,10349,473,66826
"2011","Doncaster","E08000017","Total",220877,4837,120,2916,10123,826,832,86549,10210,3301,13427,674,87062
"2011","Rotherham","E08000018","Total",187959,3767,454,1276,9901,653,685,79133,8303,1000,9238,461,73088
"2011","Sheffield","E08000019","Total",411004,9030,8263,4138,34657,1281,1372,135304,13767,4374,30710,1422,166686
"2011","Bradford","E08000032","Total",366217,9151,266,11190,20034,2628,1049,131112,15712,1715,24656,1424,147280
"2011","Calderdale","E08000033","Total",148766,4795,81,3242,8222,519,628,61160,6179,903,10444,472,52121
"2011","Kirklees","E08000034","Total",307194,8564,155,5421,15134,1727,1280,125678,12566,1829,19083,960,114797
"2011","Leeds","E08000035","Total",560849,14666,479,11751,50541,3174,1779,201221,21569,6352,42064,1629,205624
"2011","Wakefield","E08000036","Total",240997,4939,124,4047,10669,1398,988,100131,11651,1907,15324,650,89169
"2011","Derby","E06000015","Total",179291,3696,87,1263,10128,939,982,68898,7273,4221,14357,578,66869
"2011","Leicester","E06000016","Total",242232,3996,235,1621,18660,766,689,71163,11084,5099,23323,858,104738
"2011","Nottingham","E06000018","Total",232072,4052,2540,1382,24777,1007,782,56814,6695,4358,19943,868,108854
"2011","Rutland","E06000017","Total",27052,1651,31,331,201,25,106,11232,747,634,2967,112,9015
"2011","Amber Valley","E07000032","Total",90558,3024,71,696,2412,193,584,42174,3419,808,5744,256,31177
"2011","Bolsover","E07000033","Total",55945,1355,61,258,1639,121,295,24888,2446,281,3003,164,21434
"2011","Chesterfield","E07000034","Total",76409,1690,44,722,3839,379,373,31572,3244,526,5292,220,28508
"2011","Derbyshire Dales","E07000035","Total",51978,3705,48,455,787,61,213,23098,1676,367,4330,265,16973
"2011","Erewash","E07000036","Total",82609,2185,57,806,3846,158,637,36907,2917,1895,5224,219,27758
"2011","High Peak","E07000037","Total",67389,2991,60,2668,1224,163,286,28885,2181,628,6256,276,21771
"2011","North East Derbyshire","E07000038","Total",73460,2425,309,482,2708,125,342,34047,2822,332,3044,222,26602
"2011","South Derbyshire","E07000039","Total",69450,2605,38,392,1333,172,486,36104,2499,769,3252,236,21564
"2011","Blaby","E07000129","Total",68558,2316,32,376,2494,105,370,35320,2516,1330,3215,202,20282
"2011","Charnwood","E07000130","Total",124967,4044,91,1228,3958,152,598,53571,3995,3026,8567,342,45395
"2011","Harborough","E07000131","Total",61913,3534,61,874,888,72,254,31133,1848,912,4257,246,17834
"2011","Hinckley and Bosworth","E07000132","Total",77716,2918,36,432,1606,119,426,39401,2853,1239,4506,238,23942
"2011","Melton","E07000133","Total",36955,1956,19,401,648,44,178,17655,1356,583,3217,127,10771
"2011","North West Leicestershire","E07000134","Total",68556,2502,20,222,1070,111,431,34505,2476,772,3928,254,22265
"2011","Oadby and Wigston","E07000135","Total",40797,994,44,291,2187,81,165,17898,1566,807,2242,124,14398
"2011","Boston","E07000136","Total",47306,1330,13,100,651,131,245,19394,3558,2022,3159,204,16499
"2011","East Lindsey","E07000137","Total",99928,4286,65,145,1062,223,398,36329,2744,2094,8479,486,43617
"2011","Lincoln","E07000138","Total",71577,1491,40,364,2441,282,489,24451,3375,2698,8734,234,26978
"2011","North Kesteven","E07000139","Total",78616,3105,51,666,1459,123,469,36848,2582,2063,4721,341,26188
"2011","South Holland","E07000140","Total",63920,2510,33,385,639,82,245,29275,2778,1755,3564,224,22430
"2011","South Kesteven","E07000141","Total",97319,4313,78,1313,1399,287,438,44709,3681,1932,8033,349,30787
"2011","West Lindsey","E07000142","Total",65531,3034,37,311,713,84,309,29870,2206,890,4209,305,23563
"2011","Corby","E07000150","Total",45049,807,25,299,1859,419,182,19862,3417,871,2775,172,14361
"2011","Daventry","E07000151","Total",57379,3279,46,752,548,79,205,28421,1919,544,3546,197,17843
"2011","East Northamptonshire","E07000152","Total",63006,2787,40,719,615,107,308,31780,2295,567,4006,193,19589
"2011","Kettering","E07000153","Total",67920,2281,35,845,1297,105,286,32797,2977,850,5236,209,21002
"2011","Northampton","E07000154","Total",155682,3966,109,1836,7449,569,539,69580,7853,2775,11602,514,48890
"2011","South Northamptonshire","E07000155","Total",62321,3901,53,1056,758,52,268,33632,2088,485,3235,212,16581
"2011","Wellingborough","E07000156","Total",54817,1627,35,756,869,315,201,25489,2742,543,3555,231,18454
"2011","Ashfield","E07000170","Total",88037,1874,1155,598,2950,220,490,37665,3593,1121,5372,298,32701
"2011","Bassetlaw","E07000171","Total",83305,2698,37,614,1248,153,385,36855,3610,1348,5581,285,30491
"2011","Broxtowe","E07000172","Total",81573,2374,377,782,5040,128,462,34000,2532,2271,4985,234,28388
"2011","Gedling","E07000173","Total",83284,2578,195,389,7622,185,431,35670,2789,1058,4396,285,27686
"2011","Mansfield","E07000174","Total",77155,1588,59,408,2869,293,359,33543,3811,682,4525,224,28794
"2011","Newark and Sherwood","E07000175","Total",84145,3401,77,868,1406,95,384,36809,3010,2152,6036,317,29590
"2011","Rushcliffe","E07000176","Total",80755,4108,93,671,4774,98,267,36786,2298,1687,4303,261,25409
"2011","Herefordshire, County of","E06000019","Total",133442,8436,87,679,1574,289,624,56590,4740,3305,13149,764,43205
"2011","Shropshire","E06000051","Total",223892,12532,165,1828,2977,577,922,98473,7831,4460,19973,1010,73144
"2011","Stoke-on-Trent","E06000021","Total",182808,2691,31,773,8604,1386,879,70919,9375,1601,11289,561,74699
"2011","Telford and Wrekin","E06000020","Total",122279,3139,63,1089,3153,865,564,54848,6295,1669,6276,411,43907
"2011","Cannock Chase","E07000192","Total",72274,1562,21,812,1500,185,372,35062,3291,645,3851,175,24798
"2011","East Staffordshire","E07000193","Total",83059,2820,35,626,1628,440,411,36485,3685,1767,6767,257,28138
"2011","Lichfield","E07000194","Total",74757,3273,42,1737,1034,103,247,35306,2533,641,3843,257,25741
"2011","Newcastle-under-Lyme","E07000195","Total",92335,2282,38,494,2658,526,396,40738,4293,680,5025,236,34969
"2011","South Staffordshire","E07000196","Total",80718,2901,110,1300,1719,107,339,40250,2716,570,3046,270,27390
"2011","Stafford","E07000197","Total",97297,4052,42,1286,1818,225,456,43789,3331,1799,7402,294,32803
"2011","Staffordshire Moorlands","E07000198","Total",72085,3213,26,348,1151,35,255,34760,2702,466,4398,237,24494
"2011","Tamworth","E07000199","Total",56833,1249,16,811,1441,218,267,27293,2757,839,3218,172,18552
"2011","North Warwickshire","E07000218","Total",46170,1697,20,524,900,129,248,23098,1882,364,2256,140,14912
"2011","Nuneaton and Bedworth","E07000219","Total",92090,1952,34,778,2680,222,533,42431,4430,1284,5598,263,31885
"2011","Rugby","E07000220","Total",72759,2769,36,1286,1151,177,401,34264,3355,1555,5238,253,22274
"2011","Stratford-on-Avon","E07000221","Total",87728,6059,109,1121,1083,108,369,41227,2762,1313,6298,316,26963
"2011","Warwick","E07000222","Total",102883,4714,77,2331,2559,148,406,45068,3368,2228,8358,351,33275
"2011","Birmingham","E08000025","Total",760252,14402,1367,19750,73117,2976,1970,235505,22726,6629,42709,2540,336561
"2011","Coventry","E08000026","Total",231871,4397,137,2957,15215,820,860,81742,10983,3658,15930,861,94311
"2011","Dudley","E08000027","Total",226726,4931,197,4190,10343,444,1234,98853,8237,1748,11257,564,84728
"2011","Sandwell","E08000028","Total",219508,2846,1635,3672,18311,753,841,77240,9035,2030,11588,679,90878
"2011","Solihull","E08000029","Total",148360,5208,170,5287,7954,343,495,66062,4628,1361,5991,442,50419
"2011","Walsall","E08000030","Total",191974,3393,403,1577,11476,593,695,74374,7460,1778,10028,493,79704
"2011","Wolverhampton","E08000031","Total",179983,2843,1581,2914,11983,741,646,63466,6894,2215,10473,528,75699
"2011","Bromsgrove","E07000234","Total",67807,3011,40,1924,1089,117,241,33851,2072,482,3223,201,21556
"2011","Malvern Hills","E07000235","Total",53512,3759,37,713,483,59,269,23534,1585,612,3074,236,19151
"2011","Redditch","E07000236","Total",62523,1673,29,742,3064,208,230,29837,2862,671,3418,188,19601
"2011","Worcester","E07000237","Total",73382,2130,30,928,2274,189,398,30915,2898,2132,7937,270,23281
"2011","Wychavon","E07000238","Total",85481,4703,54,910,918,117,404,41371,3018,1092,5340,341,27213
"2011","Wyre Forest","E07000239","Total",72331,2623,31,1176,866,219,398,32636,2855,794,4499,242,25992
"2011","Bedford","E06000055","Total",113764,4229,105,3610,3199,336,425,48057,4461,2912,8018,458,37954
"2011","Central Bedfordshire","E06000056","Total",186658,7938,285,8500,2649,262,849,92037,6051,2125,10762,603,54597
"2011","Luton","E06000032","Total",145208,2657,293,5295,6682,1056,438,51435,7615,1175,11840,715,56007
"2011","Peterborough","E06000031","Total",132318,3454,103,2220,6571,578,621,53100,7642,5095,8134,526,44274
"2011","Southend-on-Sea","E06000033","Total",125007,3742,327,12789,4346,411,615,41109,3867,2323,11322,488,43668
"2011","Thurrock","E06000034","Total",114124,2258,1392,11992,2892,484,797,47281,4234,1097,4588,405,36704
"2011","Cambridge","E07000008","Total",98283,3856,136,2912,3862,215,504,18810,1669,17755,9389,329,38846
"2011","East Cambridgeshire","E07000009","Total",60714,3167,55,2379,720,104,314,30518,2146,1255,3025,236,16795
"2011","Fenland","E07000010","Total",69258,2202,44,655,921,176,319,30474,3000,2065,4374,284,24744
"2011","Huntingdonshire","E07000011","Total",125346,5443,119,3315,2224,265,579,60618,4498,3227,8275,428,36355
"2011","South Cambridgeshire","E07000012","Total",107779,6172,129,2894,3454,132,787,50598,3114,6211,5247,401,28640
"2011","Basildon","E07000066","Total",125795,2997,580,13737,2806,728,598,47782,4621,1441,7279,437,42789
"2011","Braintree","E07000067","Total",106718,4417,211,6295,1653,262,460,48490,3654,1101,7256,401,32518
"2011","Brentwood","E07000068","Total",52959,2239,683,8385,655,227,238,19234,1219,337,2828,206,16708
"2011","Castle Point","E07000069","Total",64626,1700,169,5747,1465,250,336,26390,1947,651,2549,239,23183
"2011","Chelmsford","E07000070","Total",123693,4709,374,11364,3386,266,588,50259,3624,2542,8927,412,37242
"2011","Colchester","E07000071","Total",128562,4484,183,6655,4918,291,700,49522,4219,3394,10754,467,42975
"2011","Epping Forest","E07000072","Total",90622,3673,11797,2732,1284,760,605,34216,1992,500,3673,377,29013
"2011","Harlow","E07000073","Total",58669,1127,1206,1723,2170,431,288,25156,2784,1028,4299,189,18268
"2011","Maldon","E07000074","Total",45406,2230,66,2339,474,79,194,20406,1299,558,2453,194,15114
"2011","Rochford","E07000075","Total",60425,2057,118,6423,1333,173,311,25450,1753,511,2346,187,19763
"2011","Tendring","E07000076","Total",97050,3046,110,2815,1274,321,427,35635,2991,1726,6116,396,42193
"2011","Uttlesford","E07000077","Total",57086,3667,291,3495,591,125,237,26446,1491,458,3734,237,16314
"2011","Broxbourne","E07000095","Total",67599,1801,1180,5602,1386,508,388,29145,2104,608,3240,260,21377
"2011","Dacorum","E07000096","Total",104410,4874,545,6427,2250,294,501,46670,3344,812,7301,419,30973
"2011","East Hertfordshire","E07000242","Total",100093,5007,593,9617,1346,274,421,44450,2580,919,6676,342,27868
"2011","Hertsmere","E07000098","Total",71511,3593,2428,5988,2312,393,408,28042,1676,515,3781,292,22083
"2011","North Hertfordshire","E07000099","Total",91510,4422,221,7794,1117,167,400,40153,2809,1240,6364,303,26520
"2011","St Albans","E07000240","Total",99863,5599,673,13489,1724,186,449,39425,2160,1219,6090,364,28485
"2011","Stevenage","E07000243","Total",60988,1426,109,2985,2501,190,364,27273,2664,1053,3972,201,18250
"2011","Three Rivers","E07000102","Total",62440,3072,4594,2656,991,177,332,27052,1636,548,2723,218,18441
"2011","Watford","E07000103","Total",66285,2075,2298,5060,2271,217,389,25590,1766,1087,6605,276,18651
"2011","Welwyn Hatfield","E07000241","Total",81514,2898,684,5402,2251,280,396,31009,2498,1398,5919,246,28533
"2011","Breckland","E07000143","Total",94176,3799,48,505,1294,230,506,42156,3766,1610,6975,412,32875
"2011","Broadland","E07000144","Total",90305,3567,64,612,3335,164,828,43109,2990,2441,3911,520,28764
"2011","Great Yarmouth","E07000145","Total",70234,1670,34,260,2496,248,421,25119,2783,1728,5486,1019,28970
"2011","King's Lynn and West Norfolk","E07000146","Total",106591,4000,114,1038,1517,174,496,45671,4110,3248,6442,458,39323
"2011","North Norfolk","E07000147","Total",72453,3754,84,553,854,145,365,28347,2125,1260,5257,439,29270
"2011","Norwich","E07000148","Total",100702,2530,89,777,5035,308,706,28792,3257,5600,14887,443,38278
"2011","South Norfolk","E07000149","Total",89337,4436,80,805,2666,146,644,42276,2800,1909,4140,431,29004
"2011","Babergh","E07000200","Total",63075,3252,80,1515,937,87,275,28734,1912,851,4345,262,20825
"2011","Forest Heath","E07000201","Total",44053,1435,26,253,574,121,235,22429,1844,1156,3299,168,12513
"2011","Ipswich","E07000202","Total",97167,2216,59,1622,5067,237,724,36712,4529,3069,10929,315,31688
"2011","Mid Suffolk","E07000203","Total",70073,4163,61,1419,719,70,382,33974,2068,1393,4069,252,21503
"2011","St Edmundsbury","E07000204","Total",80968,3198,87,623,1409,291,400,37339,3268,1740,7845,283,24485
"2011","Suffolk Coastal","E07000205","Total",88250,4653,122,1256,1405,136,648,38899,2493,2712,5590,343,29993
"2011","Waveney","E07000206","Total",81877,2524,61,548,1317,252,567,31732,2676,3048,5629,827,32696
"2011","Camden","E09000007","Total",173833,8984,37305,7089,16076,770,1237,10904,793,7072,17641,1095,64867
"2011","City of London","E09000001","Total",6307,436,926,274,268,44,25,145,12,252,2297,68,1560
"2011","Hackney","E09000012","Total",187423,6485,23424,8667,31604,551,1305,13382,914,17312,14054,858,68867
"2011","Hammersmith and Fulham","E09000013","Total",145552,6098,38996,4466,13802,414,2173,12002,710,7420,12783,754,45934
"2011","Haringey","E09000014","Total",193062,6910,45384,9158,21738,290,1609,23023,1360,6142,7909,773,68766
"2011","Islington","E09000019","Total",165149,5916,31987,6170,22214,845,1203,9839,714,10204,16952,721,58384
"2011","Kensington and Chelsea","E09000020","Total",126080,8809,29737,2615,10104,1665,1683,10395,823,3955,10390,1211,44693
"2011","Lambeth","E09000022","Total",237730,7498,50781,23795,32773,410,2385,20520,1172,13455,12737,968,71236
"2011","Lewisham","E09000023","Total",206255,5820,20109,38402,23109,410,1424,29741,1795,5375,8936,936,70198
"2011","Newham","E09000025","Total",228958,3186,52770,16507,17488,348,782,26963,2053,2239,9349,769,96504
"2011","Southwark","E09000028","Total",224551,6397,30015,19114,39293,665,1766,18266,1180,10898,18353,1441,77163
"2011","Tower Hamlets","E09000030","Total",196552,4447,47191,7557,14750,701,910,13517,1038,8112,21598,1052,75679
"2011","Wandsworth","E09000032","Total",243533,9634,50357,35697,23608,495,3797,25713,1297,13267,13619,1098,64951
"2011","Westminster","E09000033","Total",175505,9620,36908,5221,16398,1624,1331,10499,868,5365,21807,1538,64326
"2011","Barking and Dagenham","E09000002","Total",127568,1679,16488,9349,9504,381,636,28763,2143,1084,4756,434,52351
"2011","Barnet","E09000003","Total",258443,12601,44774,10065,20351,738,1849,62228,3593,2473,10647,1339,87785
"2011","Bexley","E09000004","Total",165914,3997,2830,27680,9762,940,1457,52068,3389,1295,6120,621,55755
"2011","Brent","E09000005","Total",233726,6062,42795,10492,26928,421,1574,40720,2915,3859,10704,991,86265
"2011","Bromley","E09000006","Total",222539,8800,5026,46672,11355,786,1681,60948,3378,2254,9574,894,71171
"2011","Croydon","E09000008","Total",263048,7705,11367,42531,24916,611,1535,63568,4057,2172,13313,1212,90061
"2011","Ealing","E09000009","Total",252764,7548,45437,10117,23363,396,1714,54991,3228,4944,12005,1077,87944
"2011","Enfield","E09000010","Total",224024,5954,21369,16413,18367,739,974,58378,3510,1957,8982,979,86402
"2011","Greenwich","E09000011","Total",186722,4673,18076,27721,19052,554,1264,32664,2268,2738,7705,1106,68901
"2011","Harrow","E09000015","Total",174751,6043,28870,7836,10274,398,607,48077,2814,901,7479,601,60851
"2011","Havering","E09000016","Total",171128,4038,10763,20347,8711,1216,1016,54368,3642,1020,7080,645,58282
"2011","Hillingdon","E09000017","Total",199926,5121,17458,5643,15731,469,1059,68925,4092,1936,9192,664,69636
"2011","Hounslow","E09000018","Total",190157,5497,19977,10536,21001,342,1441,50695,3071,4160,9524,788,63125
"2011","Kingston upon Thames","E09000021","Total",119673,5156,2967,18777,8520,250,1174,31212,1778,3351,8298,474,37716
"2011","Merton","E09000024","Total",149598,5017,25383,19418,11232,280,1408,28780,1711,3524,7431,638,44776
"2011","Redbridge","E09000026","Total",199544,5284,36680,12305,9226,1074,762,46921,2906,1411,7334,789,74852
"2011","Richmond upon Thames","E09000027","Total",137779,8870,10605,21768,7531,237,1654,32271,1341,6062,8138,727,38575
"2011","Sutton","E09000029","Total",138710,4309,5362,17850,9104,511,1431,45912,2823,2066,7753,537,41052
"2011","Waltham Forest","E09000031","Total",190978,4085,40146,12468,13452,739,1110,34428,2271,3430,8152,740,69957
"2011","Bracknell Forest","E06000036","Total",83116,3663,112,3001,1237,207,501,43383,2880,1399,5124,407,21202
"2011","Brighton and Hove","E06000043","Total",210792,10618,377,14555,19018,541,1082,52042,4875,6910,28752,1053,70969
"2011","Isle of Wight","E06000046","Total",99747,3923,107,829,2582,144,1011,34251,2815,1814,10431,1392,40448
"2011","Medway","E06000035","Total",194158,4615,283,11252,5903,444,1416,80403,7778,1449,12461,685,67469
"2011","Milton Keynes","E06000042","Total",181385,6689,249,5613,7192,1560,661,83392,8239,3659,9833,696,53602
"2011","Portsmouth","E06000044","Total",153705,3280,125,3498,7197,1025,1131,50299,5754,7148,16324,838,57086
"2011","Reading","E06000038","Total",116808,3721,229,7696,8811,272,472,37661,3553,3323,13663,451,36956
"2011","Slough","E06000039","Total",100458,2060,745,4706,5055,460,435,41109,4127,1608,6567,428,33158
"2011","Southampton","E06000045","Total",180201,3737,120,3229,10433,535,1209,61164,7555,5243,18536,847,67593
"2011","West Berkshire","E06000037","Total",112054,6223,124,3997,2976,179,504,53437,3988,2126,7680,445,30375
"2011","Windsor and Maidenhead","E06000040","Total",104247,6469,352,6680,1022,312,524,46438,2633,1746,7196,579,30296
"2011","Wokingham","E06000041","Total",112273,6515,167,5798,2691,150,527,54986,2889,2009,5230,415,30896
"2011","Aylesbury Vale","E07000004","Total",126740,6921,216,4425,2513,638,474,60447,4125,1529,8905,531,36016
"2011","Chiltern","E07000005","Total",65043,4613,2836,3440,612,166,285,27237,1655,406,3227,308,20258
"2011","South Bucks","E07000006","Total",47802,3138,656,2754,524,105,250,21655,1289,441,2080,225,14685
"2011","Wycombe","E07000007","Total",124188,6565,594,4339,3412,308,553,57045,3893,1144,8008,489,37838
"2011","Eastbourne","E07000061","Total",70473,2240,76,2690,2467,298,283,25658,2518,1334,6605,280,26024
"2011","Hastings","E07000062","Total",66036,2380,72,2510,2327,358,392,22613,2672,596,6452,299,25365
"2011","Lewes","E07000063","Total",69269,3641,77,3632,3582,168,346,26073,1897,819,5027,270,23737
"2011","Rother","E07000064","Total",62861,3593,110,2679,561,106,284,23694,1760,496,4054,246,25278
"2011","Wealden","E07000065","Total",105879,6942,151,4981,1407,163,426,46973,3114,718,5760,449,34795
"2011","Basingstoke and Deane","E07000084","Total",123243,5638,121,4754,3823,250,560,59331,4438,1930,8821,456,33121
"2011","East Hampshire","E07000085","Total",83522,5016,99,3124,789,96,402,39562,2472,999,5469,429,25065
"2011","Eastleigh","E07000086","Total",91582,3247,50,2578,1947,140,733,46819,3278,1674,4913,389,25814
"2011","Fareham","E07000087","Total",81198,3003,46,2113,1083,153,739,40036,2632,2095,4014,531,24753
"2011","Gosport","E07000088","Total",59499,1363,22,585,2051,206,957,23821,2085,4349,4076,548,19436
"2011","Hart","E07000089","Total",66087,3947,88,3460,564,84,323,33156,1606,1003,3538,278,18040
"2011","Havant","E07000090","Total",86247,2392,41,1640,2556,352,623,38040,3477,1664,4422,348,30692
"2011","New Forest","E07000091","Total",124798,6243,131,1898,1654,171,788,57631,3800,3137,6763,777,41805
"2011","Rushmoor","E07000092","Total",69652,1985,74,3449,2075,166,441,33158,2716,1452,5178,393,18565
"2011","Test Valley","E07000093","Total",84652,4050,77,1967,1354,255,455,40046,3117,1719,6137,434,25041
"2011","Winchester","E07000094","Total",84495,5226,119,3298,1650,95,438,34987,2146,1155,7749,455,27177
"2011","Ashford","E07000105","Total",84252,3995,95,3755,1507,151,377,36833,3134,1465,5920,314,26706
"2011","Canterbury","E07000106","Total",111867,4165,186,3384,3279,196,446,38249,3201,1803,10363,348,46247
"2011","Dartford","E07000107","Total",70488,1786,362,8537,2563,327,691,28785,2184,535,3609,232,20877
"2011","Dover","E07000108","Total",80786,2685,89,1833,1830,245,439,32435,3100,1086,6227,427,30390
"2011","Gravesham","E07000109","Total",73191,1837,214,5187,3177,198,536,28875,3021,463,3864,267,25552
"2011","Maidstone","E07000110","Total",113231,4705,120,5257,2945,222,538,50131,3819,935,9023,395,35141
"2011","Sevenoaks","E07000111","Total",82098,4470,258,11172,873,214,558,31387,2016,471,4214,382,26083
"2011","Folkestone and Hythe","E07000112","Total",77938,2705,94,1905,2358,250,362,30422,2654,893,6261,376,29658
"2011","Swale","E07000113","Total",98607,3165,101,4329,1258,242,588,40843,3455,1385,7086,358,35797
"2011","Thanet","E07000114","Total",94452,2940,102,2168,3502,364,575,33109,3793,1395,6890,362,39252
"2011","Tonbridge and Malling","E07000115","Total",86435,3768,134,7295,1293,168,526,37883,2630,855,5151,290,26442
"2011","Tunbridge Wells","E07000116","Total",82052,4851,129,8425,1332,179,355,30254,2278,662,8449,320,24818
"2011","Cherwell","E07000177","Total",103269,4757,96,2185,3672,298,556,47271,4034,2592,8964,404,28440
"2011","Oxford","E07000178","Total",118437,4300,170,1769,11405,264,482,23735,2245,12270,12674,493,48630
"2011","South Oxfordshire","E07000179","Total",96892,6229,180,3453,2184,103,558,43957,2766,2575,7682,400,26805
"2011","Vale of White Horse","E07000180","Total",87477,4472,105,1455,3695,111,640,39766,2660,4018,5905,354,24296
"2011","West Oxfordshire","E07000181","Total",76163,4516,87,1053,2444,101,495,36866,2588,2315,5777,273,19648
"2011","Elmbridge","E07000207","Total",92027,6287,669,13432,1380,194,761,33767,1701,2062,4012,465,27297
"2011","Epsom and Ewell","E07000208","Total",54170,2285,564,7721,1470,214,502,19816,1117,967,3124,225,16165
"2011","Guildford","E07000209","Total",102054,5430,227,7934,2392,152,539,40157,2566,1802,8396,426,32033
"2011","Mole Valley","E07000210","Total",60778,4128,153,5486,614,99,371,24906,1472,796,4121,276,18356
"2011","Reigate and Banstead","E07000211","Total",99173,4791,378,10710,2071,349,618,41681,2601,1222,6428,387,27937
"2011","Runnymede","E07000212","Total",59793,2476,197,3447,757,107,439,26208,1553,1186,4005,276,19142
"2011","Spelthorne","E07000213","Total",69916,2393,657,4022,2592,121,717,33056,1840,1337,3158,268,19755
"2011","Surrey Heath","E07000214","Total",62565,3453,100,2722,859,71,331,31322,1676,784,3268,382,17597
"2011","Tandridge","E07000215","Total",59457,3581,202,7559,989,132,362,24080,1348,368,2913,279,17644
"2011","Waverley","E07000216","Total",85617,6031,173,6656,1001,88,419,35790,2240,916,5467,397,26439
"2011","Woking","E07000217","Total",71722,3400,204,8164,1194,187,394,29669,1928,1368,4567,266,20381
"2011","Adur","E07000223","Total",43860,1558,30,2222,1648,102,366,18121,1545,1115,2472,177,14504
"2011","Arun","E07000224","Total",106071,4133,94,3101,1646,239,608,43621,4199,2497,6848,457,38628
"2011","Chichester","E07000225","Total",81037,5080,152,2454,1047,133,379,32170,2164,2248,7065,393,27752
"2011","Crawley","E07000226","Total",77348,1641,93,4440,6032,307,349,33325,2760,1406,4845,268,21882
"2011","Horsham","E07000227","Total",94318,5695,102,4719,1161,77,409,43221,2817,1121,6607,370,28019
"2011","Mid Sussex","E07000228","Total",100252,5471,114,9512,1100,268,469,42984,2884,996,8047,384,28023
"2011","Worthing","E07000229","Total",74338,2821,61,3262,1588,170,487,29459,2621,2611,7265,266,23727
"2011","Bath and North East Somerset","E06000022","Total",130550,6512,121,3051,5472,221,891,47051,3891,2537,14579,532,45692
"2011","Bournemouth","E06000028","Total",137574,4812,138,1564,7841,316,1001,52347,4491,4250,11789,637,48388
"2011","Bristol, City of","E06000023","Total",321506,9578,287,4150,20216,618,2375,104729,10233,16211,40468,1130,111511
"2011","Cornwall","E06000052","Total",388858,21187,220,2462,5953,742,2872,157708,12904,3950,34114,2415,144331
"2011","Isles of Scilly","E06000053","Total",1622,175,0,2,8,1,37,290,27,209,505,57,311
"2011","North Somerset","E06000024","Total",145352,6422,102,2339,2941,366,975,66826,5115,2692,9249,536,47789
"2011","Plymouth","E06000026","Total",191786,3604,71,676,13168,813,2287,68077,7245,3094,17306,1125,74320
"2011","Poole","E06000029","Total",106391,4050,105,1152,3809,174,1056,46203,3823,3452,7401,484,34682
"2011","South Gloucestershire","E06000025","Total",192468,6479,100,1724,6743,263,1906,95258,6948,5356,11150,604,55937
"2011","Swindon","E06000030","Total",154080,4353,86,1452,9356,507,1177,69539,6747,4667,11063,552,44581
"2011","Torbay","E06000027","Total",94000,3494,32,549,2542,349,881,35229,3453,796,9134,453,37088
"2011","Wiltshire","E06000054","Total",339595,17608,385,6233,6412,595,1942,154808,11725,6906,31113,1489,100379
"2011","East Devon","E07000040","Total",92782,5835,84,1488,1581,165,630,37428,2873,1323,7861,640,32874
"2011","Exeter","E07000041","Total",89544,2622,55,1135,5264,211,706,27152,3049,3622,13065,258,32405
"2011","Mid Devon","E07000042","Total",55847,4082,39,370,1125,64,371,24711,1970,716,4790,270,17339
"2011","North Devon","E07000043","Total",67507,4375,38,204,1527,150,437,25429,2264,1579,8389,362,22753
"2011","South Hams","E07000044","Total",60617,4701,68,585,899,101,457,24907,1744,533,5475,529,20618
"2011","Teignbridge","E07000045","Total",89471,4888,52,1348,1601,126,646,39108,3076,987,6768,362,30509
"2011","Torridge","E07000046","Total",46510,3493,18,103,859,76,267,18248,1516,374,4210,238,17108
"2011","West Devon","E07000047","Total",38941,3218,32,172,566,91,192,15717,1142,282,3589,240,13700
"2011","Christchurch","E07000048","Total",32645,1364,21,444,743,58,243,13641,953,1000,1716,118,12344
"2011","East Dorset","E07000049","Total",61047,3431,55,257,650,60,442,29966,1722,982,2218,267,20997
"2011","North Dorset","E07000050","Total",49140,2832,65,435,370,67,243,21916,1504,713,5047,240,15708
"2011","Purbeck","E07000051","Total",32379,1690,33,419,390,42,285,13900,1036,634,2808,182,10960
"2011","West Dorset","E07000052","Total",70359,4607,96,571,771,139,421,27781,2041,1130,7780,377,24645
"2011","Weymouth and Portland","E07000053","Total",47871,1488,25,382,2105,121,497,17765,1720,1017,4557,310,17884
"2011","Cheltenham","E07000078","Total",86090,3514,95,883,3356,114,426,32925,2824,3892,10881,273,26907
"2011","Cotswold","E07000079","Total",60075,4679,155,698,514,84,279,26355,1843,864,5737,321,18546
"2011","Forest of Dean","E07000080","Total",60341,2983,27,360,907,55,400,27861,2208,470,3552,245,21273
"2011","Gloucester","E07000081","Total",88942,2008,47,429,4581,126,677,39539,3646,3070,6971,280,27568
"2011","Stroud","E07000082","Total",81955,4908,81,820,1243,90,495,40093,2918,1232,5164,298,24613
"2011","Tewkesbury","E07000083","Total",59685,2903,34,281,1895,35,459,28466,1901,1828,3549,193,18141
"2011","Mendip","E07000187","Total",78653,5035,80,493,1010,124,413,35092,2652,1212,7396,338,24808
"2011","Sedgemoor","E07000188","Total",82903,3786,38,420,793,109,555,37139,2985,2517,5882,316,28363
"2011","South Somerset","E07000189","Total",115790,5697,118,513,1090,162,776,51984,4266,2261,11431,473,37019
"2011","Taunton Deane","E07000190","Total",78921,3624,59,647,1251,115,642,32557,2892,3496,8610,351,24677
"2011","West Somerset","E07000191","Total",24918,1962,24,87,326,43,102,8426,667,431,3146,141,9563
"2011","Isle of Anglesey","W06000001","Total",50818,2084,22,215,812,117,221,21424,1857,481,2903,295,20387
"2011","Gwynedd","W06000002","Total",88913,4538,36,381,2445,122,274,33978,3203,707,7854,423,34952
"2011","Conwy","W06000003","Total",81906,3631,40,576,2179,236,277,33566,2826,658,5677,427,31813
"2011","Denbighshire","W06000004","Total",67676,2614,28,445,1400,271,198,27576,2709,647,4984,284,26520
"2011","Flintshire","W06000005","Total",112325,3234,45,676,2951,343,533,53927,4941,1311,5676,412,38276
"2011","Wrexham","W06000006","Total",98691,2624,37,521,3416,449,403,44090,5278,832,5621,343,35077
"2011","Powys","W06000023","Total",96069,8341,56,400,692,125,233,40584,3038,886,8744,554,32416
"2011","Ceredigion","W06000008","Total",57405,4067,32,142,932,117,155,19498,1734,383,5125,261,24959
"2011","Pembrokeshire","W06000009","Total",88049,5260,43,232,1606,221,358,35649,3434,475,6427,512,33832
"2011","Carmarthenshire","W06000010","Total",132930,6556,60,813,1690,232,436,56639,5413,629,7671,541,52250
"2011","Swansea","W06000011","Total",176971,3853,105,926,5885,706,618,70007,7736,1512,10753,692,74178
"2011","Neath Port Talbot","W06000012","Total",102986,1722,38,990,1986,297,463,42851,4614,766,4924,329,44006
"2011","Bridgend","W06000013","Total",102805,2024,49,1522,1745,383,320,44318,4557,516,5492,333,41546
"2011","Vale of Glamorgan","W06000014","Total",91816,3118,86,3525,1715,267,333,40019,3274,1029,5203,409,32838
"2011","Cardiff","W06000015","Total",260268,5993,202,5344,16203,740,675,90723,8202,5912,24657,963,100654
"2011","Rhondda Cynon Taff","W06000016","Total",172047,2770,61,4188,4000,288,448,70033,8151,449,8483,456,72720
"2011","Merthyr Tydfil","W06000024","Total",43377,634,24,472,1756,233,77,16508,2672,80,2514,129,18278
"2011","Caerphilly","W06000018","Total",130950,2269,42,3007,3024,341,416,55481,6130,480,5932,366,53462
"2011","Blaenau Gwent","W06000019","Total",51809,561,16,225,870,175,151,20403,2846,134,2774,136,23518
"2011","Torfaen","W06000020","Total",66107,1129,32,484,1916,323,310,29203,3125,330,3247,162,25846
"2011","Monmouthshire","W06000021","Total",66107,3818,63,908,586,100,353,29474,2271,505,4457,282,23290
"2011","Newport","W06000022","Total",105141,2300,58,1349,5094,437,442,42694,4716,937,6017,364,40733
